Full Name,E-mail,phone_number,Socials
Ada Okafor,ada.okafor@example.com,+1 202 555 0143,@adabakes
  Tunde Bello  , TUNDE.BELLO@Example.com ,(202) 555-0187,
Chioma Eze,chioma.eze@example.com,,instagram.com/chiomastyles
Grace Smith,grace.smith@example.com,12345,linkedin.com/in/gracesmith
Musa Ibrahim,musa.ibrahim@example,+1 202 555 0121,@musafits
Ada Okafor (2),ada.okafor@example.com,+1 202 555 0162,
Kemi Adeyemi,kemi.adeyemi@example.com,+1 202 555 0143,@kemicakes
Dr. John Doe,john.doe@example.com,1-202-555-0100,x.com/johndoe
,no.name@example.com,+1 202 555 0175,
Ngozi Umeh,ngozi.umeh@example.com,0012025550158,@ngozi.designs
